"","cruise","set","day","month","year","length","condition","censored","hours","decktime","haul","dead","season"
"32","OP014",3,19,5,2006,34,4,0,0.083333333,22,"OP014   3",1,"summer"
"33","OP014",3,19,5,2006,26,4,1,49.41666667,23,"OP014   3",0,"summer"
"44","OP014",4,19,5,2006,49,4,1,47.58333333,15,"OP014   4",0,"summer"
"55","OP014",4,19,5,2006,34,4,1,47.28333333,33,"OP014   4",0,"summer"
"59","OP014",5,26,5,2006,32,4,0,0.016666667,26,"OP014   5",1,"summer"
"63","OP014",5,26,5,2006,34,4,1,66.88333333,29,"OP014   5",0,"summer"
"67","OP014",5,26,5,2006,24,4,0,0.016666667,32,"OP014   5",1,"summer"
"71","OP014",5,26,5,2006,35,4,0,0.016666667,45,"OP014   5",1,"summer"
"72","OP014",5,26,5,2006,40,4,0,0.016666667,45,"OP014   5",1,"summer"
"74","OP014",5,26,5,2006,38,4,0,0.016666667,47,"OP014   5",1,"summer"
"75","OP014",5,26,5,2006,37,4,1,66.56666667,48,"OP014   5",1,"summer"
"78","OP014",5,26,5,2006,34,4,0,0.016666667,50,"OP014   5",1,"summer"
"79","OP014",5,26,5,2006,35,4,0,0.016666667,58,"OP014   5",1,"summer"
"80","OP014",5,26,5,2006,33,4,0,0.016666667,58,"OP014   5",1,"summer"
"81","OP014",5,26,5,2006,31,4,0,0.016666667,59,"OP014   5",1,"summer"
"82","OP014",5,26,5,2006,30,4,0,0.016666667,60,"OP014   5",1,"summer"
"83","OP014",5,26,5,2006,31,4,0,0.016666667,60,"OP014   5",1,"summer"
"84","OP014",5,26,5,2006,35,4,0,0.016666667,60,"OP014   5",1,"summer"
"85","OP014",5,26,5,2006,33,4,0,0.016666667,61,"OP014   5",1,"summer"
"86","OP014",5,26,5,2006,27,4,0,0.016666667,62,"OP014   5",1,"summer"
"88","OP014",5,26,5,2006,29,4,1,66.33333333,62,"OP014   5",1,"summer"
"89","OP014",5,26,5,2006,26,4,0,0.016666667,63,"OP014   5",1,"summer"
"91","OP014",5,26,5,2006,26,4,0,0.016666667,64,"OP014   5",1,"summer"
"92","OP014",5,26,5,2006,28,4,0,0.016666667,65,"OP014   5",1,"summer"
"93","OP014",5,26,5,2006,28,4,0,0.016666667,65,"OP014   5",1,"summer"
"94","OP014",5,26,5,2006,30,4,0,0.016666667,66,"OP014   5",1,"summer"
"95","OP014",5,26,5,2006,26,4,0,0.016666667,67,"OP014   5",1,"summer"
"102","OP014",5,27,5,2006,29,4,0,0.016666667,18,"OP014   5",1,"summer"
"106","OP014",5,27,5,2006,31,4,0,0.016666667,23,"OP014   5",1,"summer"
"116","OP625",4,18,6,2006,20,4,0,6.76,12,"OP625   4",0,"summer"
"118","OP625",6,19,6,2006,36,4,1,52.36666667,11,"OP625   6",0,"summer"
"120","OP625",6,19,6,2006,40,4,0,0.016666667,13,"OP625   6",1,"summer"
"121","OP625",6,19,6,2006,27,4,0,6.733333333,14,"OP625   6",0,"summer"
"124","OP625",6,19,6,2006,28,4,0,0.016666667,19,"OP625   6",1,"summer"
"125","OP625",6,19,6,2006,21,4,0,6.633333333,20,"OP625   6",0,"summer"
"126","OP625",6,19,6,2006,31,4,0,0.016666667,34,"OP625   6",1,"summer"
"129","OP625",7,19,6,2006,32,4,1,48.55,16,"OP625   7",0,"summer"
"132","OP625",7,19,6,2006,37,4,0,2.933333333,18,"OP625   7",0,"summer"
"133","OP625",7,19,6,2006,23,4,0,2.933333333,18,"OP625   7",0,"summer"
"134","OP625",7,19,6,2006,22,4,0,2.916666667,19,"OP625   7",0,"summer"
"142","OP625",16,24,6,2006,17,4,0,0.016666667,13,"OP625   16",1,"summer"
"143","OP625",16,24,6,2006,25,4,0,0.016666667,13,"OP625   16",1,"summer"
"147","OP625",16,24,6,2006,26,4,0,0.016666667,18,"OP625   16",1,"summer"
"148","OP625",16,24,6,2006,33,4,0,0.016666667,19,"OP625   16",1,"summer"
"149","OP625",16,24,6,2006,30,4,0,0.016666667,19,"OP625   16",1,"summer"
"150","OP625",16,24,6,2006,27,4,0,19.33333333,20,"OP625   16",0,"summer"
"151","OP625",16,24,6,2006,33,4,0,0.016666667,21,"OP625   16",1,"summer"
"152","OP625",16,24,6,2006,30,4,0,0.016666667,21,"OP625   16",1,"summer"
"153","OP625",16,24,6,2006,25,4,0,4.75,22,"OP625   16",0,"summer"
"154","OP625",16,24,6,2006,22,4,0,0.016666667,22,"OP625   16",1,"summer"
"155","OP625",16,24,6,2006,26,4,0,4.733333333,23,"OP625   16",0,"summer"
"158","OP625",18,25,6,2006,21,4,0,1.633333333,18,"OP625   18",0,"summer"
"159","OP625",18,25,6,2006,32,4,0,5.116666667,19,"OP625   18",0,"summer"
"160","OP625",18,25,6,2006,34,4,0,0.016666667,20,"OP625   18",1,"summer"
"161","OP625",18,25,6,2006,33,4,0,0.016666667,20,"OP625   18",1,"summer"
"163","OP625",18,25,6,2006,34,4,0,0.033333333,21,"OP625   18",1,"summer"
"164","OP625",18,25,6,2006,23,4,0,1.566666667,22,"OP625   18",0,"summer"
"165","OP625",18,25,6,2006,27,4,0,0.016666667,22,"OP625   18",1,"summer"
"166","OP625",18,25,6,2006,37,4,0,0.016666667,35,"OP625   18",1,"summer"
"167","OP625",18,25,6,2006,27,4,0,0.016666667,35,"OP625   18",1,"summer"
"168","OP625",18,25,6,2006,31,4,0,0.016666667,36,"OP625   18",1,"summer"
"169","OP625",18,25,6,2006,35,4,0,0.016666667,36,"OP625   18",1,"summer"
"170","OP625",18,25,6,2006,23,4,0,0.016666667,37,"OP625   18",1,"summer"
"171","OP625",18,25,6,2006,25,4,0,0.016666667,37,"OP625   18",1,"summer"
"172","OP625",18,25,6,2006,38,4,0,0.016666667,38,"OP625   18",1,"summer"
"173","OP625",18,25,6,2006,38,4,0,0.016666667,38,"OP625   18",1,"summer"
"174","OP625",18,25,6,2006,25,4,0,0.016666667,39,"OP625   18",1,"summer"
"175","OP625",18,25,6,2006,31,4,0,0.016666667,39,"OP625   18",1,"summer"
"176","OP031",1,5,7,2006,30,4,0,0.016666667,13,"OP031   1",1,"summer"
"177","OP031",1,5,7,2006,25,4,0,0.016666667,20,"OP031   1",1,"summer"
"178","OP031",1,5,7,2006,26,4,0,8.533333333,20,"OP031   1",0,"summer"
"179","OP031",1,5,7,2006,26,4,0,0.016666667,21,"OP031   1",1,"summer"
"181","OP031",2,5,7,2006,29,4,1,48.6,9,"OP031   2",0,"summer"
"182","OP031",2,5,7,2006,30,4,0,0.016666667,10,"OP031   2",1,"summer"
"184","OP031",2,5,7,2006,29,4,1,48.55,12,"OP031   2",0,"summer"
"185","OP031",3,5,7,2006,24,4,0,0.016666667,35,"OP031   3",1,"summer"
"186","OP031",3,5,7,2006,26,4,0,0.016666667,36,"OP031   3",1,"summer"
"187","OP031",3,5,7,2006,23,4,0,0.016666667,36,"OP031   3",1,"summer"
"188","OP031",3,5,7,2006,25,4,0,0.016666667,38,"OP031   3",1,"summer"
"189","OP031",3,5,7,2006,24,4,0,0.016666667,40,"OP031   3",1,"summer"
"190","OP031",3,5,7,2006,25,4,0,0.016666667,40,"OP031   3",1,"summer"
"191","OP031",3,5,7,2006,24,4,0,0.016666667,49,"OP031   3",1,"summer"
"192","OP031",3,5,7,2006,24,4,0,0.016666667,50,"OP031   3",1,"summer"
"193","OP031",3,5,7,2006,18,4,0,0.016666667,51,"OP031   3",1,"summer"
"194","OP031",3,5,7,2006,22,4,0,0.016666667,52,"OP031   3",1,"summer"
"195","OP031",3,5,7,2006,20,4,0,0.016666667,53,"OP031   3",1,"summer"
"196","OP031",3,5,7,2006,19,4,0,0.016666667,54,"OP031   3",1,"summer"
"197","OP031",3,5,7,2006,16,4,0,0.016666667,55,"OP031   3",1,"summer"
"208","OP031",4,5,7,2006,41,4,0,13.06666667,17,"OP031   4",0,"summer"
"210","OP031",4,5,7,2006,41,4,0,0.016666667,18,"OP031   4",1,"summer"
"212","OP031",4,5,7,2006,40,4,0,0.016666667,19,"OP031   4",1,"summer"
"215","OP031",4,5,7,2006,38,4,0,0.016666667,21,"OP031   4",1,"summer"
"216","OP031",4,5,7,2006,41,4,0,0.016666667,22,"OP031   4",1,"summer"
"217","OP031",4,5,7,2006,40,4,0,0.016666667,23,"OP031   4",1,"summer"
"219","OP031",4,5,7,2006,42,4,0,0.016666667,28,"OP031   4",1,"summer"
"220","OP031",4,5,7,2006,42,4,0,4.633333333,28,"OP031   4",0,"summer"
"221","OP031",4,5,7,2006,42,4,0,0.016666667,29,"OP031   4",1,"summer"
"222","OP031",4,5,7,2006,33,4,0,0.016666667,29,"OP031   4",1,"summer"
"223","OP031",4,5,7,2006,47,4,0,0.016666667,30,"OP031   4",1,"summer"
"224","OP031",4,5,7,2006,37,4,0,0.016666667,34,"OP031   4",1,"summer"
"225","OP031",4,5,7,2006,41,4,0,0.016666667,34,"OP031   4",1,"summer"
"226","OP031",4,5,7,2006,30,4,0,0.016666667,35,"OP031   4",1,"summer"
"227","OP031",4,5,7,2006,42,4,0,0.016666667,36,"OP031   4",1,"summer"
"228","OP031",4,5,7,2006,33,4,0,0.016666667,36,"OP031   4",1,"summer"
"229","OP031",4,5,7,2006,33,4,0,4.5,36,"OP031   4",0,"summer"
"230","OP031",4,5,7,2006,35,4,0,0.016666667,37,"OP031   4",1,"summer"
"231","OP031",4,5,7,2006,38,4,0,12.7,39,"OP031   4",0,"summer"
"232","OP031",4,5,7,2006,39,4,0,4.433333333,40,"OP031   4",1,"summer"
"233","OP031",4,5,7,2006,31,4,0,0.016666667,41,"OP031   4",1,"summer"
"234","OP031",4,5,7,2006,32,4,0,0.016666667,45,"OP031   4",1,"summer"
"235","OP031",4,5,7,2006,29,4,0,0.016666667,45,"OP031   4",1,"summer"
"236","OP031",4,5,7,2006,27,4,0,0.016666667,45,"OP031   4",1,"summer"
"237","OP031",4,5,7,2006,32,4,0,0.016666667,45,"OP031   4",1,"summer"
"238","OP031",4,5,7,2006,30,4,0,0.016666667,45,"OP031   4",1,"summer"
"239","OP031",4,5,7,2006,28,4,0,0.016666667,45,"OP031   4",1,"summer"
"240","OP031",4,5,7,2006,25,4,0,0.016666667,45,"OP031   4",1,"summer"
"241","OP031",4,5,7,2006,25,4,0,0.016666667,45,"OP031   4",1,"summer"
"242","OP031",4,5,7,2006,21,4,0,0.016666667,45,"OP031   4",1,"summer"
"243","OP031",4,5,7,2006,26,4,0,0.016666667,45,"OP031   4",1,"summer"
"244","OP031",4,5,7,2006,32,4,0,0.016666667,45,"OP031   4",1,"summer"
"245","OP031",4,5,7,2006,20,4,0,0.016666667,45,"OP031   4",1,"summer"
"246","OP031",4,5,7,2006,25,4,0,0.016666667,45,"OP031   4",1,"summer"
"247","OP031",4,5,7,2006,30,4,0,0.016666667,45,"OP031   4",1,"summer"
"248","OP031",4,5,7,2006,25,4,0,0.016666667,45,"OP031   4",1,"summer"
"249","OP031",4,5,7,2006,29,4,0,0.016666667,45,"OP031   4",1,"summer"
"250","OP031",4,5,7,2006,28,4,0,0.016666667,45,"OP031   4",1,"summer"
"251","OP031",4,5,7,2006,20,4,0,0.016666667,45,"OP031   4",1,"summer"
"252","OP031",4,5,7,2006,25,4,0,0.016666667,45,"OP031   4",1,"summer"
"253","OP031",4,5,7,2006,18,4,0,0.016666667,45,"OP031   4",1,"summer"
"254","OP031",4,5,7,2006,26,4,0,0.016666667,45,"OP031   4",1,"summer"
"255","OP031",4,5,7,2006,23,4,0,0.016666667,45,"OP031   4",1,"summer"
"256","OP031",7,7,7,2006,44,4,0,0.016666667,35,"OP031   7",1,"summer"
"257","OP031",7,7,7,2006,43,4,0,0.016666667,35,"OP031   7",1,"summer"
"258","OP031",7,7,7,2006,32,4,0,0.016666667,36,"OP031   7",1,"summer"
"259","OP031",7,7,7,2006,35,4,0,0.016666667,36,"OP031   7",1,"summer"
"260","OP031",7,7,7,2006,36,4,0,0.016666667,36,"OP031   7",1,"summer"
"261","OP031",7,7,7,2006,34,4,0,0.016666667,46,"OP031   7",1,"summer"
"262","OP031",7,7,7,2006,28,4,0,0.016666667,46,"OP031   7",1,"summer"
"263","OP031",7,7,7,2006,29,4,0,0.016666667,46,"OP031   7",1,"summer"
"264","OP031",7,7,7,2006,22,4,0,0.016666667,46,"OP031   7",1,"summer"
"265","OP031",7,7,7,2006,23,4,0,0.016666667,46,"OP031   7",1,"summer"
"266","OP031",7,7,7,2006,20,4,0,0.016666667,46,"OP031   7",1,"summer"
"267","OP031",7,7,7,2006,27,4,0,0.016666667,46,"OP031   7",1,"summer"
"268","OP031",7,7,7,2006,26,4,0,0.016666667,46,"OP031   7",1,"summer"
"269","OP031",7,7,7,2006,27,4,0,0.016666667,46,"OP031   7",1,"summer"
"270","OP031",7,7,7,2006,26,4,0,0.016666667,46,"OP031   7",1,"summer"
"271","OP031",7,7,7,2006,22,4,0,0.016666667,46,"OP031   7",1,"summer"
"272","OP031",7,7,7,2006,16,4,0,0.016666667,46,"OP031   7",1,"summer"
"273","OP031",7,7,7,2006,38,4,0,0.016666667,46,"OP031   7",1,"summer"
"274","OP031",7,7,7,2006,35,4,0,0.016666667,46,"OP031   7",1,"summer"
"275","OP031",7,7,7,2006,30,4,0,0.016666667,46,"OP031   7",1,"summer"
"276","OP031",7,7,7,2006,37,4,0,0.016666667,46,"OP031   7",1,"summer"
"277","OP031",7,7,7,2006,34,4,0,0.016666667,46,"OP031   7",1,"summer"
"278","OP031",7,7,7,2006,24,4,0,0.016666667,46,"OP031   7",1,"summer"
"279","OP031",7,7,7,2006,24,4,0,0.016666667,46,"OP031   7",1,"summer"
"280","OP031",7,7,7,2006,31,4,0,0.016666667,46,"OP031   7",1,"summer"
"281","OP031",7,7,7,2006,28,4,0,0.016666667,46,"OP031   7",1,"summer"
"282","OP031",7,7,7,2006,31,4,0,0.016666667,46,"OP031   7",1,"summer"
"283","OP031",7,7,7,2006,23,4,0,0.016666667,46,"OP031   7",1,"summer"
"284","OP031",7,7,7,2006,23,4,0,0.016666667,46,"OP031   7",1,"summer"
"285","OP031",7,7,7,2006,37,4,0,0.016666667,46,"OP031   7",1,"summer"
"286","OP031",7,7,7,2006,31,4,0,0.016666667,46,"OP031   7",1,"summer"
"287","OP031",7,7,7,2006,28,4,0,0.016666667,46,"OP031   7",1,"summer"
"288","OP031",7,7,7,2006,40,4,0,0.016666667,46,"OP031   7",1,"summer"
"289","OP031",7,7,7,2006,32,4,0,0.016666667,46,"OP031   7",1,"summer"
"290","OP031",7,7,7,2006,26,4,0,0.016666667,46,"OP031   7",1,"summer"
"291","OP031",7,7,7,2006,15,4,0,0.016666667,46,"OP031   7",1,"summer"
"292","OP031",7,7,7,2006,28,4,0,0.016666667,46,"OP031   7",1,"summer"
"293","OP031",7,7,7,2006,33,4,0,0.016666667,46,"OP031   7",1,"summer"
"294","OP031",7,7,7,2006,35,4,0,0.016666667,46,"OP031   7",1,"summer"
"295","OP031",7,7,7,2006,33,4,0,0.016666667,46,"OP031   7",1,"summer"
"296","OP031",7,7,7,2006,30,4,0,0.016666667,46,"OP031   7",1,"summer"
"297","OP031",7,7,7,2006,28,4,0,0.016666667,46,"OP031   7",1,"summer"
"298","OP031",7,7,7,2006,28,4,0,0.016666667,46,"OP031   7",1,"summer"
"299","OP031",7,7,7,2006,30,4,0,0.016666667,46,"OP031   7",1,"summer"
"300","OP031",7,7,7,2006,31,4,0,0.016666667,46,"OP031   7",1,"summer"
"301","OP031",7,7,7,2006,34,4,0,0.016666667,46,"OP031   7",1,"summer"
"302","OP031",7,7,7,2006,19,4,0,0.016666667,46,"OP031   7",1,"summer"
"303","OP031",7,7,7,2006,28,4,0,0.016666667,46,"OP031   7",1,"summer"
"304","OP031",7,7,7,2006,29,4,0,0.016666667,46,"OP031   7",1,"summer"
"305","OP031",7,7,7,2006,34,4,0,0.016666667,46,"OP031   7",1,"summer"
"306","OP031",7,7,7,2006,34,4,0,0.016666667,46,"OP031   7",1,"summer"
"307","OP031",7,7,7,2006,27,4,0,0.016666667,46,"OP031   7",1,"summer"
"308","OP031",7,7,7,2006,27,4,0,0.016666667,46,"OP031   7",1,"summer"
"309","OP031",8,8,7,2006,32,4,0,0.016666667,41,"OP031   8",1,"summer"
"312","OP031",9,13,7,2006,35,4,0,0.016666667,15,"OP031   9",1,"summer"
"313","OP031",9,13,7,2006,37,4,1,94.7,17,"OP031   9",0,"summer"
"314","OP031",9,13,7,2006,33,4,0,0.016666667,20,"OP031   9",1,"summer"
"316","OP031",9,13,7,2006,30,4,0,0.016666667,21,"OP031   9",1,"summer"
"317","OP031",9,13,7,2006,35,4,0,0.016666667,22,"OP031   9",1,"summer"
"318","OP031",9,13,7,2006,28,4,0,0.016666667,22,"OP031   9",1,"summer"
"319","OP031",9,13,7,2006,31,4,0,0.016666667,23,"OP031   9",1,"summer"
"320","OP031",9,13,7,2006,30,4,0,0.016666667,23,"OP031   9",1,"summer"
"326","OP031",10,13,7,2006,33,4,0,0.016666667,13,"OP031   10",1,"summer"
"328","OP031",10,13,7,2006,30,4,0,0.016666667,14,"OP031   10",1,"summer"
"329","OP031",10,13,7,2006,27,4,0,0.016666667,14,"OP031   10",1,"summer"
"331","OP031",10,13,7,2006,29,4,0,0.016666667,15,"OP031   10",1,"summer"
"332","OP031",10,13,7,2006,28,4,0,0.016666667,15,"OP031   10",1,"summer"
"333","OP031",10,13,7,2006,27,4,0,0.016666667,16,"OP031   10",1,"summer"
"334","OP031",10,13,7,2006,25,4,0,0.016666667,16,"OP031   10",1,"summer"
"341","OP031",11,14,7,2006,34,4,0,0.033333333,14,"OP031   11",1,"summer"
"342","OP031",11,14,7,2006,37,4,0,0.033333333,14,"OP031   11",1,"summer"
"343","OP031",11,14,7,2006,32,4,0,0.016666667,15,"OP031   11",1,"summer"
"345","OP031",11,14,7,2006,30,4,0,0.033333333,17,"OP031   11",1,"summer"
"346","OP031",11,14,7,2006,40,4,0,0.033333333,17,"OP031   11",1,"summer"
"347","OP031",11,14,7,2006,38,4,0,0.016666667,18,"OP031   11",1,"summer"
"348","OP031",11,14,7,2006,31,4,0,0.016666667,18,"OP031   11",1,"summer"
"349","OP031",11,14,7,2006,31,4,0,0.016666667,19,"OP031   11",1,"summer"
"350","OP031",11,14,7,2006,31,4,0,0.016666667,19,"OP031   11",1,"summer"
"351","OP031",11,14,7,2006,35,4,0,0.016666667,39,"OP031   11",1,"summer"
"352","OP031",11,14,7,2006,28,4,0,0.016666667,39,"OP031   11",1,"summer"
"353","OP031",11,14,7,2006,33,4,0,0.016666667,39,"OP031   11",1,"summer"
"354","OP031",11,14,7,2006,30,4,0,0.016666667,39,"OP031   11",1,"summer"
"355","OP031",11,14,7,2006,29,4,0,0.016666667,39,"OP031   11",1,"summer"
"356","OP031",11,14,7,2006,28,4,0,0.016666667,39,"OP031   11",1,"summer"
"357","OP031",11,14,7,2006,35,4,0,0.016666667,39,"OP031   11",1,"summer"
"358","OP031",11,14,7,2006,30,4,0,0.016666667,39,"OP031   11",1,"summer"
"359","OP031",11,14,7,2006,32,4,0,0.016666667,39,"OP031   11",1,"summer"
"360","OP031",11,14,7,2006,27,4,0,0.016666667,39,"OP031   11",1,"summer"
"361","OP031",11,14,7,2006,30,4,0,0.016666667,39,"OP031   11",1,"summer"
"362","OP031",11,14,7,2006,37,4,0,0.016666667,39,"OP031   11",1,"summer"
"363","OP031",11,14,7,2006,30,4,0,0.016666667,39,"OP031   11",1,"summer"
"364","OP031",11,14,7,2006,27,4,0,0.016666667,39,"OP031   11",1,"summer"
"365","OP031",11,14,7,2006,26,4,0,0.016666667,39,"OP031   11",1,"summer"
"366","OP031",11,14,7,2006,18,4,0,0.016666667,39,"OP031   11",1,"summer"
"367","OP031",11,14,7,2006,28,4,0,0.016666667,39,"OP031   11",1,"summer"
"368","OP031",11,14,7,2006,29,4,0,0.016666667,39,"OP031   11",1,"summer"
"369","OP031",11,14,7,2006,30,4,0,0.016666667,39,"OP031   11",1,"summer"
"370","OP031",11,14,7,2006,31,4,0,0.016666667,39,"OP031   11",1,"summer"
"371","OP031",11,14,7,2006,33,4,0,0.016666667,39,"OP031   11",1,"summer"
"372","OP031",11,14,7,2006,23,4,0,0.016666667,39,"OP031   11",1,"summer"
"373","OP031",11,14,7,2006,25,4,0,0.016666667,39,"OP031   11",1,"summer"
"374","OP031",11,14,7,2006,20,4,0,0.016666667,39,"OP031   11",1,"summer"
"379","OP031",12,15,7,2006,29,4,1,49.63333333,14,"OP031   12",0,"summer"
"381","OP031",12,15,7,2006,37,4,0,7.583333333,17,"OP031   12",0,"summer"
"382","OP031",12,15,7,2006,33,4,0,0.016666667,18,"OP031   12",1,"summer"
"383","OP031",12,15,7,2006,30,4,0,7.566666667,18,"OP031   12",0,"summer"
"385","OP031",12,15,7,2006,29,4,0,0.016666667,18,"OP031   12",1,"summer"
"386","OP031",12,15,7,2006,29,4,0,0.016666667,19,"OP031   12",1,"summer"
"387","OP031",12,15,7,2006,30,4,0,0.016666667,19,"OP031   12",1,"summer"
"388","OP031",12,15,7,2006,30,4,0,0.016666667,19,"OP031   12",1,"summer"
"389","OP031",12,15,7,2006,28,4,0,0.016666667,20,"OP031   12",1,"summer"
"390","OP031",12,15,7,2006,23,4,0,0.016666667,37,"OP031   12",1,"summer"
"391","OP031",12,15,7,2006,19,4,0,0.016666667,37,"OP031   12",1,"summer"
"392","OP031",12,15,7,2006,20,4,0,0.016666667,37,"OP031   12",1,"summer"
"393","OP031",12,15,7,2006,22,4,0,0.016666667,37,"OP031   12",1,"summer"
"394","OP031",12,15,7,2006,32,4,0,0.016666667,37,"OP031   12",1,"summer"
"395","OP031",12,15,7,2006,30,4,0,0.016666667,37,"OP031   12",1,"summer"
"396","OP031",12,15,7,2006,23,4,0,0.016666667,37,"OP031   12",1,"summer"
"397","OP031",12,15,7,2006,34,4,0,0.016666667,37,"OP031   12",1,"summer"
"398","OP031",12,15,7,2006,28,4,0,0.016666667,37,"OP031   12",1,"summer"
"399","OP031",12,15,7,2006,24,4,0,0.016666667,37,"OP031   12",1,"summer"
"400","OP031",12,15,7,2006,22,4,0,0.016666667,37,"OP031   12",1,"summer"
"401","OP031",12,15,7,2006,30,4,0,0.016666667,37,"OP031   12",1,"summer"
"402","OP031",12,15,7,2006,25,4,0,0.016666667,37,"OP031   12",1,"summer"
"403","OP031",12,15,7,2006,31,4,0,0.016666667,37,"OP031   12",1,"summer"
"404","OP031",12,15,7,2006,26,4,0,0.016666667,37,"OP031   12",1,"summer"
"405","OP031",12,15,7,2006,21,4,0,0.016666667,37,"OP031   12",1,"summer"
"406","OP031",12,15,7,2006,21,4,0,0.016666667,37,"OP031   12",1,"summer"
"407","OP031",12,15,7,2006,27,4,0,0.016666667,37,"OP031   12",1,"summer"
"409","OP031",13,15,7,2006,37,4,0,0.016666667,11,"OP031   13",1,"summer"
"410","OP031",13,15,7,2006,35,4,0,0.016666667,11,"OP031   13",1,"summer"
"411","OP031",13,15,7,2006,29,4,0,0.016666667,11,"OP031   13",1,"summer"
"413","OP031",13,15,7,2006,21,4,0,0.016666667,13,"OP031   13",1,"summer"
"414","OP031",13,15,7,2006,23,4,0,0.016666667,13,"OP031   13",1,"summer"
"415","OP031",13,15,7,2006,33,4,0,0.016666667,32,"OP031   13",1,"summer"
"416","OP031",13,15,7,2006,31,4,0,0.016666667,32,"OP031   13",1,"summer"
"421","OP653",1,18,10,2006,33,4,1,49.71666667,22,"OP653   1",0,"autumn"
"427","OP653",1,18,10,2006,34,4,1,49.55,32,"OP653   1",0,"autumn"
"429","OP653",1,18,10,2006,41,4,0,2.15,34,"OP653   1",0,"autumn"
"430","OP653",1,18,10,2006,33,4,0,2.05,40,"OP653   1",1,"autumn"
"431","OP653",1,18,10,2006,41,4,0,2.05,40,"OP653   1",1,"autumn"
"432","OP653",1,18,10,2006,33,4,0,2.033333333,41,"OP653   1",1,"autumn"
"434","OP653",1,18,10,2006,33,4,0,2.016666667,42,"OP653   1",1,"autumn"
"435","OP653",1,18,10,2006,36,4,0,9.05,42,"OP653   1",1,"autumn"
"436","OP653",1,18,10,2006,30,4,0,9.033333333,43,"OP653   1",1,"autumn"
"438","OP653",1,18,10,2006,41,4,0,1.983333333,44,"OP653   1",1,"autumn"
"439","OP653",1,18,10,2006,42,4,0,1.983333333,44,"OP653   1",1,"autumn"
"440","OP653",1,18,10,2006,40,4,0,1.966666667,45,"OP653   1",1,"autumn"
"441","OP653",1,18,10,2006,40,4,0,0.016666667,50,"OP653   1",1,"autumn"
"442","OP653",1,18,10,2006,35,4,0,0.016666667,50,"OP653   1",1,"autumn"
"443","OP653",1,18,10,2006,29,4,0,0.016666667,50,"OP653   1",1,"autumn"
"444","OP653",1,18,10,2006,43,4,0,0.016666667,50,"OP653   1",1,"autumn"
"445","OP653",1,18,10,2006,33,4,0,0.016666667,51,"OP653   1",1,"autumn"
"446","OP653",1,18,10,2006,33,4,0,0.016666667,51,"OP653   1",1,"autumn"
"447","OP653",1,18,10,2006,28,4,0,0.016666667,51,"OP653   1",1,"autumn"
"448","OP653",1,18,10,2006,35,4,0,0.016666667,51,"OP653   1",1,"autumn"
"449","OP653",1,18,10,2006,34,4,0,0.016666667,52,"OP653   1",1,"autumn"
"450","OP653",1,18,10,2006,30,4,0,0.016666667,52,"OP653   1",1,"autumn"
"451","OP653",1,18,10,2006,35,4,0,0.016666667,52,"OP653   1",1,"autumn"
"452","OP653",1,18,10,2006,29,4,0,0.016666667,52,"OP653   1",1,"autumn"
"453","OP653",1,18,10,2006,28,4,0,0.016666667,52,"OP653   1",1,"autumn"
"454","OP653",1,18,10,2006,36,4,0,0.016666667,52,"OP653   1",1,"autumn"
"455","OP653",1,18,10,2006,31,4,0,0.016666667,52,"OP653   1",1,"autumn"
"456","OP653",1,18,10,2006,27,4,0,0.016666667,52,"OP653   1",1,"autumn"
"457","OP653",1,18,10,2006,30,4,0,0.016666667,52,"OP653   1",1,"autumn"
"458","OP653",1,18,10,2006,40,4,0,0.016666667,52,"OP653   1",1,"autumn"
"459","OP653",1,18,10,2006,41,4,0,0.016666667,52,"OP653   1",1,"autumn"
"460","OP653",1,18,10,2006,42,4,0,0.016666667,52,"OP653   1",1,"autumn"
"461","OP653",1,18,10,2006,26,4,0,0.016666667,53,"OP653   1",1,"autumn"
"462","OP653",1,18,10,2006,27,4,0,0.016666667,53,"OP653   1",1,"autumn"
"463","OP653",1,18,10,2006,35,4,0,0.016666667,53,"OP653   1",1,"autumn"
"464","OP653",1,18,10,2006,33,4,0,0.016666667,53,"OP653   1",1,"autumn"
"465","OP653",1,18,10,2006,32,4,0,0.016666667,53,"OP653   1",1,"autumn"
"466","OP653",1,18,10,2006,34,4,0,0.016666667,53,"OP653   1",1,"autumn"
"467","OP653",1,18,10,2006,34,4,0,0.016666667,53,"OP653   1",1,"autumn"
"468","OP653",1,18,10,2006,30,4,0,0.016666667,53,"OP653   1",1,"autumn"
"469","OP653",1,18,10,2006,33,4,0,0.016666667,53,"OP653   1",1,"autumn"
"470","OP653",1,18,10,2006,30,4,0,0.016666667,53,"OP653   1",1,"autumn"
"471","OP653",1,18,10,2006,27,4,0,0.016666667,54,"OP653   1",1,"autumn"
"472","OP653",1,18,10,2006,30,4,0,0.016666667,54,"OP653   1",1,"autumn"
"473","OP653",1,18,10,2006,31,4,0,0.016666667,54,"OP653   1",1,"autumn"
"474","OP653",1,18,10,2006,27,4,0,0.016666667,54,"OP653   1",1,"autumn"
"475","OP653",1,18,10,2006,28,4,0,0.016666667,54,"OP653   1",1,"autumn"
"476","OP653",1,18,10,2006,28,4,0,0.016666667,54,"OP653   1",1,"autumn"
"477","OP653",1,18,10,2006,31,4,0,0.016666667,55,"OP653   1",1,"autumn"
"478","OP653",1,18,10,2006,39,4,0,0.016666667,55,"OP653   1",1,"autumn"
"479","OP653",1,18,10,2006,30,4,0,0.016666667,55,"OP653   1",1,"autumn"
"480","OP653",1,18,10,2006,31,4,0,0.016666667,55,"OP653   1",1,"autumn"
"481","OP653",1,18,10,2006,32,4,0,0.016666667,55,"OP653   1",1,"autumn"
"482","OP653",1,18,10,2006,34,4,0,0.016666667,55,"OP653   1",1,"autumn"
"483","OP653",1,18,10,2006,28,4,0,0.016666667,55,"OP653   1",1,"autumn"
"484","OP653",1,18,10,2006,30,4,0,0.016666667,55,"OP653   1",1,"autumn"
"485","OP653",1,18,10,2006,28,4,0,0.016666667,55,"OP653   1",1,"autumn"
"486","OP653",1,18,10,2006,27,4,0,0.016666667,56,"OP653   1",1,"autumn"
"487","OP653",1,18,10,2006,29,4,0,0.016666667,56,"OP653   1",1,"autumn"
"488","OP653",1,18,10,2006,27,4,0,0.016666667,56,"OP653   1",1,"autumn"
"489","OP653",1,18,10,2006,37,4,0,0.016666667,56,"OP653   1",1,"autumn"
"490","OP653",1,18,10,2006,27,4,0,0.016666667,56,"OP653   1",1,"autumn"
"491","OP653",1,18,10,2006,25,4,0,0.016666667,56,"OP653   1",1,"autumn"
"492","OP653",1,18,10,2006,35,4,0,0.016666667,56,"OP653   1",1,"autumn"
"493","OP653",1,18,10,2006,36,4,0,0.016666667,56,"OP653   1",1,"autumn"
"494","OP653",1,18,10,2006,30,4,0,0.016666667,57,"OP653   1",1,"autumn"
"495","OP653",1,18,10,2006,27,4,0,0.016666667,57,"OP653   1",1,"autumn"
"496","OP653",1,18,10,2006,33,4,0,0.016666667,57,"OP653   1",1,"autumn"
"497","OP653",1,18,10,2006,28,4,0,0.016666667,57,"OP653   1",1,"autumn"
"498","OP653",1,18,10,2006,35,4,0,0.016666667,57,"OP653   1",1,"autumn"
"499","OP653",1,18,10,2006,29,4,0,0.016666667,57,"OP653   1",1,"autumn"
"500","OP653",1,18,10,2006,33,4,0,0.016666667,57,"OP653   1",1,"autumn"
"501","OP653",1,18,10,2006,40,4,0,0.016666667,57,"OP653   1",1,"autumn"
"502","OP653",1,18,10,2006,32,4,0,0.016666667,57,"OP653   1",1,"autumn"
"503","OP653",1,18,10,2006,38,4,0,0.016666667,57,"OP653   1",1,"autumn"
"504","OP653",1,18,10,2006,33,4,0,0.016666667,58,"OP653   1",1,"autumn"
"505","OP653",1,18,10,2006,33,4,0,0.016666667,58,"OP653   1",1,"autumn"
"506","OP653",1,18,10,2006,22,4,0,0.016666667,58,"OP653   1",1,"autumn"
"507","OP653",1,18,10,2006,26,4,0,0.016666667,58,"OP653   1",1,"autumn"
"508","OP653",1,18,10,2006,31,4,0,0.016666667,58,"OP653   1",1,"autumn"
"509","OP653",1,18,10,2006,26,4,0,0.016666667,58,"OP653   1",1,"autumn"
"510","OP653",1,18,10,2006,35,4,0,0.016666667,58,"OP653   1",1,"autumn"
"511","OP653",1,18,10,2006,28,4,0,0.016666667,59,"OP653   1",1,"autumn"
"512","OP653",1,18,10,2006,26,4,0,0.016666667,59,"OP653   1",1,"autumn"
"513","OP653",1,18,10,2006,32,4,0,0.016666667,59,"OP653   1",1,"autumn"
"514","OP653",1,18,10,2006,28,4,0,0.016666667,59,"OP653   1",1,"autumn"
"515","OP653",1,18,10,2006,32,4,0,0.016666667,60,"OP653   1",1,"autumn"
"516","OP653",1,18,10,2006,29,4,0,0.016666667,60,"OP653   1",1,"autumn"
"517","OP653",1,18,10,2006,42,4,0,0.016666667,61,"OP653   1",1,"autumn"
"518","OP653",1,18,10,2006,35,4,0,0.016666667,61,"OP653   1",1,"autumn"
"519","OP653",1,18,10,2006,48,4,0,0.016666667,61,"OP653   1",1,"autumn"
"520","OP653",1,18,10,2006,36,4,0,0.016666667,61,"OP653   1",1,"autumn"
"521","OP653",1,18,10,2006,30,4,0,0.016666667,61,"OP653   1",1,"autumn"
"522","OP653",1,18,10,2006,36,4,0,0.016666667,61,"OP653   1",1,"autumn"
"523","OP653",1,18,10,2006,32,4,0,0.016666667,61,"OP653   1",1,"autumn"
"524","OP653",1,18,10,2006,34,4,0,0.016666667,61,"OP653   1",1,"autumn"
"525","OP653",1,18,10,2006,38,4,0,0.016666667,61,"OP653   1",1,"autumn"
"526","OP653",1,18,10,2006,36,4,0,0.016666667,61,"OP653   1",1,"autumn"
"527","OP653",1,18,10,2006,37,4,0,0.016666667,61,"OP653   1",1,"autumn"
"528","OP653",1,18,10,2006,31,4,0,0.016666667,61,"OP653   1",1,"autumn"
"529","OP653",1,18,10,2006,30,4,0,0.016666667,62,"OP653   1",1,"autumn"
"530","OP653",1,18,10,2006,32,4,0,0.016666667,62,"OP653   1",1,"autumn"
"531","OP653",1,18,10,2006,30,4,0,0.016666667,62,"OP653   1",1,"autumn"
"532","OP653",1,18,10,2006,28,4,0,0.016666667,62,"OP653   1",1,"autumn"
"533","OP653",1,18,10,2006,31,4,0,0.016666667,62,"OP653   1",1,"autumn"
"534","OP653",1,18,10,2006,36,4,0,0.016666667,62,"OP653   1",1,"autumn"
"535","OP653",1,18,10,2006,29,4,0,0.016666667,62,"OP653   1",1,"autumn"
"536","OP653",1,18,10,2006,20,4,0,0.016666667,62,"OP653   1",1,"autumn"
"537","OP653",1,18,10,2006,16,4,0,0.016666667,62,"OP653   1",1,"autumn"
"545","OP653",2,18,10,2006,40,4,1,45.78333333,39,"OP653   2",0,"autumn"
"548","OP653",2,18,10,2006,45,4,0,5.416666667,41,"OP653   2",1,"autumn"
"549","OP653",2,18,10,2006,38,4,0,5.416666667,41,"OP653   2",1,"autumn"
"551","OP653",2,18,10,2006,44,4,0,2.383333333,48,"OP653   2",1,"autumn"
"552","OP653",2,18,10,2006,38,4,0,5.283333333,49,"OP653   2",1,"autumn"
"553","OP653",2,18,10,2006,40,4,0,5.283333333,49,"OP653   2",1,"autumn"
"554","OP653",2,18,10,2006,33,4,0,5.266666667,50,"OP653   2",1,"autumn"
"555","OP653",2,18,10,2006,41,4,0,2.35,50,"OP653   2",1,"autumn"
"556","OP653",2,18,10,2006,42,4,0,2.333333333,51,"OP653   2",1,"autumn"
"557","OP653",2,18,10,2006,45,4,0,5.25,51,"OP653   2",1,"autumn"
"558","OP653",2,18,10,2006,42,4,0,5.233333333,52,"OP653   2",1,"autumn"
"559","OP653",2,18,10,2006,41,4,0,5.216666667,53,"OP653   2",1,"autumn"
"560","OP653",2,18,10,2006,39,4,0,5.216666667,53,"OP653   2",1,"autumn"
"561","OP653",2,18,10,2006,47,4,0,5.216666667,53,"OP653   2",1,"autumn"
"562","OP653",2,18,10,2006,47,4,0,5.2,54,"OP653   2",1,"autumn"
"563","OP653",2,18,10,2006,41,4,0,2.283333333,54,"OP653   2",1,"autumn"
"564","OP653",2,18,10,2006,27,4,0,0.016666667,62,"OP653   2",1,"autumn"
"565","OP653",2,18,10,2006,38,4,0,0.016666667,62,"OP653   2",1,"autumn"
"566","OP653",2,18,10,2006,36,4,0,0.016666667,62,"OP653   2",1,"autumn"
"567","OP653",2,18,10,2006,42,4,0,0.016666667,62,"OP653   2",1,"autumn"
"568","OP653",2,18,10,2006,30,4,0,0.016666667,62,"OP653   2",1,"autumn"
"569","OP653",2,18,10,2006,43,4,0,0.016666667,62,"OP653   2",1,"autumn"
"570","OP653",2,18,10,2006,31,4,0,0.016666667,62,"OP653   2",1,"autumn"
"571","OP653",2,18,10,2006,27,4,0,0.016666667,62,"OP653   2",1,"autumn"
"572","OP653",2,18,10,2006,34,4,0,0.016666667,62,"OP653   2",1,"autumn"
"573","OP653",2,18,10,2006,43,4,0,0.016666667,62,"OP653   2",1,"autumn"
"574","OP653",2,18,10,2006,31,4,0,0.016666667,62,"OP653   2",1,"autumn"
"575","OP653",2,18,10,2006,36,4,0,0.016666667,62,"OP653   2",1,"autumn"
"576","OP653",2,18,10,2006,20,4,0,0.016666667,62,"OP653   2",1,"autumn"
"577","OP653",2,18,10,2006,27,4,0,0.016666667,62,"OP653   2",1,"autumn"
"578","OP653",2,18,10,2006,42,4,0,0.016666667,63,"OP653   2",1,"autumn"
"579","OP653",2,18,10,2006,32,4,0,0.016666667,63,"OP653   2",1,"autumn"
"580","OP653",2,18,10,2006,32,4,0,0.016666667,63,"OP653   2",1,"autumn"
"581","OP653",2,18,10,2006,36,4,0,0.016666667,63,"OP653   2",1,"autumn"
"582","OP653",2,18,10,2006,26,4,0,0.016666667,63,"OP653   2",1,"autumn"
"583","OP653",2,18,10,2006,46,4,0,0.016666667,63,"OP653   2",1,"autumn"
"584","OP653",2,18,10,2006,32,4,0,0.016666667,63,"OP653   2",1,"autumn"
"585","OP653",2,18,10,2006,28,4,0,0.016666667,63,"OP653   2",1,"autumn"
"586","OP653",2,18,10,2006,30,4,0,0.016666667,63,"OP653   2",1,"autumn"
"587","OP653",2,18,10,2006,40,4,0,0.016666667,63,"OP653   2",1,"autumn"
"588","OP653",2,18,10,2006,34,4,0,0.016666667,64,"OP653   2",1,"autumn"
"589","OP653",2,18,10,2006,41,4,0,0.016666667,64,"OP653   2",1,"autumn"
"590","OP653",2,18,10,2006,34,4,0,0.016666667,64,"OP653   2",1,"autumn"
"591","OP653",2,18,10,2006,24,4,0,0.016666667,64,"OP653   2",1,"autumn"
"592","OP653",2,18,10,2006,31,4,0,0.016666667,64,"OP653   2",1,"autumn"
"593","OP653",2,18,10,2006,34,4,0,0.016666667,64,"OP653   2",1,"autumn"
"594","OP653",2,18,10,2006,31,4,0,0.016666667,64,"OP653   2",1,"autumn"
"595","OP653",2,18,10,2006,32,4,0,0.016666667,64,"OP653   2",1,"autumn"
"596","OP653",2,18,10,2006,30,4,0,0.016666667,64,"OP653   2",1,"autumn"
"597","OP653",2,18,10,2006,34,4,0,0.016666667,64,"OP653   2",1,"autumn"
"598","OP653",2,18,10,2006,31,4,0,0.016666667,64,"OP653   2",1,"autumn"
"599","OP653",2,18,10,2006,31,4,0,0.016666667,65,"OP653   2",1,"autumn"
"600","OP653",2,18,10,2006,34,4,0,0.016666667,65,"OP653   2",1,"autumn"
"601","OP653",2,18,10,2006,34,4,0,0.016666667,65,"OP653   2",1,"autumn"
"602","OP653",2,18,10,2006,27,4,0,0.016666667,65,"OP653   2",1,"autumn"
"603","OP653",2,18,10,2006,34,4,0,0.016666667,65,"OP653   2",1,"autumn"
"604","OP653",2,18,10,2006,36,4,0,0.016666667,65,"OP653   2",1,"autumn"
"605","OP653",2,18,10,2006,31,4,0,0.016666667,65,"OP653   2",1,"autumn"
"606","OP653",2,18,10,2006,30,4,0,0.016666667,65,"OP653   2",1,"autumn"
"607","OP653",2,18,10,2006,28,4,0,0.016666667,65,"OP653   2",1,"autumn"
"608","OP653",2,18,10,2006,39,4,0,0.016666667,65,"OP653   2",1,"autumn"
"609","OP653",2,18,10,2006,40,4,0,0.016666667,65,"OP653   2",1,"autumn"
"610","OP653",2,18,10,2006,31,4,0,0.016666667,65,"OP653   2",1,"autumn"
"611","OP653",2,18,10,2006,31,4,0,0.016666667,65,"OP653   2",1,"autumn"
"612","OP653",2,18,10,2006,33,4,0,0.016666667,66,"OP653   2",1,"autumn"
"613","OP653",2,18,10,2006,28,4,0,0.016666667,66,"OP653   2",1,"autumn"
"614","OP653",2,18,10,2006,39,4,0,0.016666667,66,"OP653   2",1,"autumn"
"615","OP653",2,18,10,2006,32,4,0,0.016666667,66,"OP653   2",1,"autumn"
"616","OP653",2,18,10,2006,32,4,0,0.016666667,66,"OP653   2",1,"autumn"
"617","OP653",2,18,10,2006,31,4,0,0.016666667,66,"OP653   2",1,"autumn"
"618","OP653",2,18,10,2006,34,4,0,0.016666667,66,"OP653   2",1,"autumn"
"619","OP653",2,18,10,2006,34,4,0,0.016666667,66,"OP653   2",1,"autumn"
"620","OP653",2,18,10,2006,30,4,0,0.016666667,66,"OP653   2",1,"autumn"
"621","OP653",2,18,10,2006,23,4,0,0.016666667,66,"OP653   2",1,"autumn"
"622","OP653",2,18,10,2006,35,4,0,0.016666667,66,"OP653   2",1,"autumn"
"623","OP653",2,18,10,2006,36,4,0,0.016666667,67,"OP653   2",1,"autumn"
"624","OP653",2,18,10,2006,36,4,0,0.016666667,67,"OP653   2",1,"autumn"
"625","OP653",2,18,10,2006,23,4,0,0.016666667,67,"OP653   2",1,"autumn"
"626","OP653",2,18,10,2006,35,4,0,0.016666667,67,"OP653   2",1,"autumn"
"627","OP653",2,18,10,2006,24,4,0,0.016666667,67,"OP653   2",1,"autumn"
"628","OP653",2,18,10,2006,37,4,0,0.016666667,67,"OP653   2",1,"autumn"
"629","OP653",2,18,10,2006,31,4,0,0.016666667,67,"OP653   2",1,"autumn"
"630","OP653",2,18,10,2006,40,4,0,0.016666667,67,"OP653   2",1,"autumn"
"631","OP653",2,18,10,2006,27,4,0,0.016666667,67,"OP653   2",1,"autumn"
"632","OP653",2,18,10,2006,32,4,0,0.016666667,68,"OP653   2",1,"autumn"
"633","OP653",2,18,10,2006,29,4,0,0.016666667,68,"OP653   2",1,"autumn"
"634","OP653",2,18,10,2006,22,4,0,0.016666667,68,"OP653   2",1,"autumn"
"635","OP653",2,18,10,2006,39,4,0,0.016666667,68,"OP653   2",1,"autumn"
"636","OP653",2,18,10,2006,30,4,0,0.016666667,68,"OP653   2",1,"autumn"
"637","OP653",2,18,10,2006,22,4,0,0.016666667,68,"OP653   2",1,"autumn"
"638","OP653",2,18,10,2006,25,4,0,0.016666667,68,"OP653   2",1,"autumn"
"639","OP653",2,18,10,2006,22,4,0,0.016666667,68,"OP653   2",1,"autumn"
"640","OP653",2,18,10,2006,28,4,0,0.016666667,68,"OP653   2",1,"autumn"
"641","OP653",2,18,10,2006,36,4,0,0.016666667,68,"OP653   2",1,"autumn"
"642","OP653",2,18,10,2006,26,4,0,0.016666667,68,"OP653   2",1,"autumn"
"643","OP653",2,18,10,2006,26,4,0,0.016666667,69,"OP653   2",1,"autumn"
"644","OP653",2,18,10,2006,32,4,0,0.016666667,69,"OP653   2",1,"autumn"
"645","OP653",2,18,10,2006,21,4,0,0.016666667,69,"OP653   2",1,"autumn"
"646","OP653",2,18,10,2006,33,4,0,0.016666667,69,"OP653   2",1,"autumn"
"647","OP653",2,18,10,2006,26,4,0,0.016666667,69,"OP653   2",1,"autumn"
"648","OP653",2,18,10,2006,39,4,0,0.016666667,69,"OP653   2",1,"autumn"
"649","OP653",2,18,10,2006,44,4,0,0.016666667,69,"OP653   2",1,"autumn"
"650","OP653",2,18,10,2006,24,4,0,0.016666667,69,"OP653   2",1,"autumn"
"651","OP653",2,18,10,2006,34,4,0,0.016666667,69,"OP653   2",1,"autumn"
"652","OP653",2,18,10,2006,26,4,0,0.016666667,70,"OP653   2",1,"autumn"
"653","OP653",2,18,10,2006,29,4,0,0.016666667,70,"OP653   2",1,"autumn"
"654","OP653",2,18,10,2006,38,4,0,0.016666667,70,"OP653   2",1,"autumn"
"655","OP653",2,18,10,2006,32,4,0,0.016666667,70,"OP653   2",1,"autumn"
"656","OP653",2,18,10,2006,28,4,0,0.016666667,70,"OP653   2",1,"autumn"
"657","OP653",2,18,10,2006,27,4,0,0.016666667,70,"OP653   2",1,"autumn"
"658","OP653",2,18,10,2006,33,4,0,0.016666667,70,"OP653   2",1,"autumn"
"659","OP653",2,18,10,2006,31,4,0,0.016666667,70,"OP653   2",1,"autumn"
"660","OP653",2,18,10,2006,27,4,0,0.016666667,70,"OP653   2",1,"autumn"
"661","OP653",2,18,10,2006,19,4,0,0.016666667,70,"OP653   2",1,"autumn"
"662","OP653",2,18,10,2006,34,4,0,0.016666667,70,"OP653   2",1,"autumn"
"663","OP653",2,18,10,2006,33,4,0,0.016666667,70,"OP653   2",1,"autumn"
"678","OP653",3,20,10,2006,40,4,0,5.55,20,"OP653   3",0,"autumn"
"681","OP653",3,20,10,2006,35,4,1,72.03333333,21,"OP653   3",0,"autumn"
"689","OP653",3,20,10,2006,30,4,0,7.383333333,30,"OP653   3",0,"autumn"
"690","OP653",3,20,10,2006,35,4,1,71.86666667,31,"OP653   3",0,"autumn"
"691","OP653",3,20,10,2006,34,4,1,71.86666667,31,"OP653   3",0,"autumn"
"692","OP653",3,20,10,2006,30,4,0,19.35,32,"OP653   3",0,"autumn"
"693","OP653",3,20,10,2006,36,4,0,19.35,32,"OP653   3",0,"autumn"
"697","OP653",3,20,10,2006,32,4,0,5.316666667,34,"OP653   3",0,"autumn"
"698","OP653",3,20,10,2006,36,4,0,5.316666667,34,"OP653   3",0,"autumn"
"699","OP653",3,20,10,2006,38,4,0,5.3,35,"OP653   3",0,"autumn"
"701","OP653",3,20,10,2006,29,4,0,7.283333333,36,"OP653   3",0,"autumn"
"702","OP653",3,20,10,2006,38,4,0,7.283333333,36,"OP653   3",0,"autumn"
"703","OP653",3,20,10,2006,33,4,0,7.266666667,37,"OP653   3",0,"autumn"
"704","OP653",3,20,10,2006,32,4,0,5.266666667,37,"OP653   3",0,"autumn"
"706","OP653",3,20,10,2006,35,4,1,71.75,38,"OP653   3",0,"autumn"
"707","OP653",3,20,10,2006,29,4,0,19.23333333,39,"OP653   3",0,"autumn"
"709","OP653",3,20,10,2006,28,4,0,0.016666667,40,"OP653   3",1,"autumn"
"710","OP653",3,20,10,2006,25,4,0,0.016666667,40,"OP653   3",1,"autumn"
"711","OP653",3,20,10,2006,23,4,0,0.016666667,40,"OP653   3",1,"autumn"
"712","OP653",3,20,10,2006,33,4,0,0.016666667,40,"OP653   3",1,"autumn"
"713","OP653",3,20,10,2006,29,4,0,0.016666667,40,"OP653   3",1,"autumn"
"714","OP653",3,20,10,2006,31,4,0,0.016666667,40,"OP653   3",1,"autumn"
"715","OP653",3,20,10,2006,27,4,0,0.016666667,40,"OP653   3",1,"autumn"
"716","OP653",3,20,10,2006,30,4,0,0.016666667,40,"OP653   3",1,"autumn"
"717","OP653",3,20,10,2006,34,4,0,0.016666667,41,"OP653   3",1,"autumn"
"718","OP653",3,20,10,2006,30,4,0,0.016666667,41,"OP653   3",1,"autumn"
"719","OP653",3,20,10,2006,33,4,0,0.016666667,41,"OP653   3",1,"autumn"
"720","OP653",3,20,10,2006,25,4,0,0.016666667,41,"OP653   3",1,"autumn"
"721","OP653",3,20,10,2006,27,4,0,0.016666667,41,"OP653   3",1,"autumn"
"722","OP653",3,20,10,2006,28,4,0,0.016666667,41,"OP653   3",1,"autumn"
"723","OP653",3,20,10,2006,28,4,0,0.016666667,41,"OP653   3",1,"autumn"
"724","OP653",3,20,10,2006,29,4,0,0.016666667,41,"OP653   3",1,"autumn"
"725","OP653",3,20,10,2006,28,4,0,0.016666667,41,"OP653   3",1,"autumn"
"726","OP653",3,20,10,2006,24,4,0,0.016666667,42,"OP653   3",1,"autumn"
"727","OP653",3,20,10,2006,26,4,0,0.016666667,42,"OP653   3",1,"autumn"
"728","OP653",3,20,10,2006,35,4,0,0.016666667,42,"OP653   3",1,"autumn"
"729","OP653",3,20,10,2006,31,4,0,0.016666667,42,"OP653   3",1,"autumn"
"730","OP653",3,20,10,2006,31,4,0,0.016666667,42,"OP653   3",1,"autumn"
"731","OP653",3,20,10,2006,22,4,0,0.016666667,42,"OP653   3",1,"autumn"
"732","OP653",3,20,10,2006,21,4,0,0.016666667,42,"OP653   3",1,"autumn"
"733","OP653",3,20,10,2006,20,4,0,0.016666667,42,"OP653   3",1,"autumn"
"734","OP653",3,20,10,2006,20,4,0,0.016666667,42,"OP653   3",1,"autumn"
"735","OP653",3,20,10,2006,23,4,0,0.016666667,42,"OP653   3",1,"autumn"
"736","OP653",3,20,10,2006,21,4,0,0.016666667,42,"OP653   3",1,"autumn"
"737","OP653",3,20,10,2006,27,4,0,0.016666667,43,"OP653   3",1,"autumn"
"738","OP653",3,20,10,2006,31,4,0,0.016666667,43,"OP653   3",1,"autumn"
"739","OP653",3,20,10,2006,19,4,0,0.016666667,43,"OP653   3",1,"autumn"
"740","OP653",3,20,10,2006,30,4,0,0.016666667,43,"OP653   3",1,"autumn"
"741","OP653",3,20,10,2006,31,4,0,0.016666667,43,"OP653   3",1,"autumn"
"742","OP653",3,20,10,2006,24,4,0,0.016666667,43,"OP653   3",1,"autumn"
"743","OP653",3,20,10,2006,25,4,0,0.016666667,43,"OP653   3",1,"autumn"
"744","OP653",3,20,10,2006,28,4,0,0.016666667,43,"OP653   3",1,"autumn"
"745","OP653",3,20,10,2006,32,4,0,0.016666667,43,"OP653   3",1,"autumn"
"746","OP653",3,20,10,2006,23,4,0,0.016666667,44,"OP653   3",1,"autumn"
"747","OP653",3,20,10,2006,20,4,0,0.016666667,44,"OP653   3",1,"autumn"
"748","OP653",3,20,10,2006,30,4,0,0.016666667,44,"OP653   3",1,"autumn"
"749","OP653",3,20,10,2006,30,4,0,0.016666667,44,"OP653   3",1,"autumn"
"750","OP653",3,20,10,2006,20,4,0,0.016666667,44,"OP653   3",1,"autumn"
"751","OP653",3,20,10,2006,26,4,0,0.016666667,44,"OP653   3",1,"autumn"
"752","OP653",3,20,10,2006,33,4,0,0.016666667,44,"OP653   3",1,"autumn"
"753","OP653",3,20,10,2006,32,4,0,0.016666667,45,"OP653   3",1,"autumn"
"754","OP653",3,20,10,2006,35,4,0,0.016666667,45,"OP653   3",1,"autumn"
"755","OP653",3,20,10,2006,20,4,0,0.016666667,45,"OP653   3",1,"autumn"
"756","OP653",3,20,10,2006,22,4,0,0.016666667,45,"OP653   3",1,"autumn"
"757","OP653",3,20,10,2006,16,4,0,0.016666667,45,"OP653   3",1,"autumn"
"758","OP653",3,20,10,2006,20,4,0,0.016666667,45,"OP653   3",1,"autumn"
"759","OP653",3,20,10,2006,21,4,0,0.016666667,45,"OP653   3",1,"autumn"
"768","OP653",6,23,10,2006,52,4,1,117.65,26,"OP653   6",0,"autumn"
"769","OP653",6,23,10,2006,43,4,0,7.083333333,30,"OP653   6",0,"autumn"
"770","OP653",6,23,10,2006,42,4,0,10.56666667,31,"OP653   6",0,"autumn"
"772","OP653",6,23,10,2006,43,4,0,7.05,32,"OP653   6",0,"autumn"
"773","OP653",6,23,10,2006,41,4,0,7.05,32,"OP653   6",0,"autumn"
"774","OP653",6,23,10,2006,47,4,0,7.033333333,33,"OP653   6",0,"autumn"
"775","OP653",6,23,10,2006,46,4,0,7.033333333,33,"OP653   6",0,"autumn"
"776","OP653",6,23,10,2006,40,4,0,6.966666667,37,"OP653   6",0,"autumn"
"777","OP653",6,23,10,2006,38,4,0,6.95,38,"OP653   6",0,"autumn"
"778","OP653",6,23,10,2006,38,4,0,6.95,38,"OP653   6",0,"autumn"
"779","OP653",6,23,10,2006,40,4,0,6.933333333,39,"OP653   6",0,"autumn"
"780","OP653",6,23,10,2006,43,4,0,6.933333333,39,"OP653   6",0,"autumn"
"781","OP653",6,23,10,2006,37,4,0,0.016666667,45,"OP653   6",1,"autumn"
"782","OP653",6,23,10,2006,31,4,0,0.016666667,45,"OP653   6",1,"autumn"
"783","OP653",6,23,10,2006,24,4,0,0.016666667,45,"OP653   6",1,"autumn"
"784","OP653",6,23,10,2006,34,4,0,0.016666667,45,"OP653   6",1,"autumn"
"785","OP653",6,23,10,2006,35,4,0,0.016666667,45,"OP653   6",1,"autumn"
"786","OP653",6,23,10,2006,39,4,0,0.016666667,45,"OP653   6",1,"autumn"
"787","OP653",6,23,10,2006,40,4,0,0.016666667,45,"OP653   6",1,"autumn"
"788","OP653",6,23,10,2006,36,4,0,0.016666667,45,"OP653   6",1,"autumn"
"789","OP653",6,23,10,2006,26,4,0,0.016666667,45,"OP653   6",1,"autumn"
"790","OP653",6,23,10,2006,27,4,0,0.016666667,46,"OP653   6",1,"autumn"
"791","OP653",6,23,10,2006,36,4,0,0.016666667,46,"OP653   6",1,"autumn"
"792","OP653",6,23,10,2006,35,4,0,0.016666667,46,"OP653   6",1,"autumn"
"793","OP653",6,23,10,2006,36,4,0,0.016666667,46,"OP653   6",1,"autumn"
"794","OP653",6,23,10,2006,26,4,0,0.016666667,46,"OP653   6",1,"autumn"
"795","OP653",6,23,10,2006,33,4,0,0.016666667,46,"OP653   6",1,"autumn"
"796","OP653",6,23,10,2006,29,4,0,0.016666667,46,"OP653   6",1,"autumn"
"797","OP653",6,23,10,2006,38,4,0,0.016666667,46,"OP653   6",1,"autumn"
"798","OP653",6,23,10,2006,36,4,0,0.016666667,46,"OP653   6",1,"autumn"
"799","OP653",6,23,10,2006,35,4,0,0.016666667,46,"OP653   6",1,"autumn"
"800","OP653",6,23,10,2006,35,4,0,0.016666667,46,"OP653   6",1,"autumn"
"801","OP653",6,23,10,2006,42,4,0,0.016666667,46,"OP653   6",1,"autumn"
"802","OP653",6,23,10,2006,23,4,0,0.016666667,46,"OP653   6",1,"autumn"
"803","OP653",6,23,10,2006,26,4,0,0.016666667,46,"OP653   6",1,"autumn"
"804","OP653",6,23,10,2006,29,4,0,0.016666667,47,"OP653   6",1,"autumn"
"805","OP653",6,23,10,2006,28,4,0,0.016666667,47,"OP653   6",1,"autumn"
"806","OP653",6,23,10,2006,26,4,0,0.016666667,47,"OP653   6",1,"autumn"
"807","OP653",6,23,10,2006,39,4,0,0.016666667,47,"OP653   6",1,"autumn"
"808","OP653",6,23,10,2006,42,4,0,0.016666667,47,"OP653   6",1,"autumn"
"809","OP653",6,23,10,2006,23,4,0,0.016666667,47,"OP653   6",1,"autumn"
"810","OP653",6,23,10,2006,31,4,0,0.016666667,47,"OP653   6",1,"autumn"
"811","OP653",6,23,10,2006,36,4,0,0.016666667,47,"OP653   6",1,"autumn"
"812","OP653",6,23,10,2006,34,4,0,0.016666667,47,"OP653   6",1,"autumn"
"813","OP653",6,23,10,2006,36,4,0,0.016666667,47,"OP653   6",1,"autumn"
"814","OP653",6,23,10,2006,31,4,0,0.016666667,47,"OP653   6",1,"autumn"
"815","OP653",6,23,10,2006,31,4,0,0.016666667,47,"OP653   6",1,"autumn"
"816","OP653",6,23,10,2006,29,4,0,0.016666667,48,"OP653   6",1,"autumn"
"817","OP653",6,23,10,2006,21,4,0,0.016666667,48,"OP653   6",1,"autumn"
"818","OP653",6,23,10,2006,24,4,0,0.016666667,48,"OP653   6",1,"autumn"
"819","OP653",6,23,10,2006,26,4,0,0.016666667,48,"OP653   6",1,"autumn"
"820","OP653",6,23,10,2006,22,4,0,0.016666667,48,"OP653   6",1,"autumn"
"821","OP653",6,23,10,2006,28,4,0,0.016666667,48,"OP653   6",1,"autumn"
"822","OP653",6,23,10,2006,26,4,0,0.016666667,48,"OP653   6",1,"autumn"
"823","OP653",6,23,10,2006,34,4,0,0.016666667,48,"OP653   6",1,"autumn"
"824","OP653",6,23,10,2006,37,4,0,0.016666667,48,"OP653   6",1,"autumn"
"825","OP653",6,23,10,2006,36,4,0,0.016666667,48,"OP653   6",1,"autumn"
"826","OP653",6,23,10,2006,32,4,0,0.016666667,49,"OP653   6",1,"autumn"
"827","OP653",6,23,10,2006,29,4,0,0.016666667,49,"OP653   6",1,"autumn"
"828","OP653",6,23,10,2006,32,4,0,0.016666667,49,"OP653   6",1,"autumn"
"829","OP653",6,23,10,2006,24,4,0,0.016666667,49,"OP653   6",1,"autumn"
"830","OP653",6,23,10,2006,22,4,0,0.016666667,49,"OP653   6",1,"autumn"
"831","OP653",6,23,10,2006,26,4,0,0.016666667,49,"OP653   6",1,"autumn"
"832","OP653",6,23,10,2006,29,4,0,0.016666667,50,"OP653   6",1,"autumn"
"833","OP653",6,23,10,2006,31,4,0,0.016666667,50,"OP653   6",1,"autumn"
"834","OP653",6,23,10,2006,27,4,0,0.016666667,50,"OP653   6",1,"autumn"
"835","OP653",6,23,10,2006,31,4,0,0.016666667,50,"OP653   6",1,"autumn"
"836","OP653",6,23,10,2006,26,4,0,0.016666667,50,"OP653   6",1,"autumn"
"837","OP653",6,23,10,2006,34,4,0,0.016666667,50,"OP653   6",1,"autumn"
"838","OP653",6,23,10,2006,30,4,0,0.016666667,50,"OP653   6",1,"autumn"
"839","OP653",6,23,10,2006,24,4,0,0.016666667,50,"OP653   6",1,"autumn"
"840","OP653",6,23,10,2006,23,4,0,0.016666667,50,"OP653   6",1,"autumn"
"841","OP653",6,23,10,2006,28,4,0,0.016666667,50,"OP653   6",1,"autumn"
"842","OP653",6,23,10,2006,20,4,0,0.016666667,50,"OP653   6",1,"autumn"
"843","OP653",6,23,10,2006,22,4,0,0.016666667,50,"OP653   6",1,"autumn"
"844","OP653",6,23,10,2006,26,4,0,0.016666667,50,"OP653   6",1,"autumn"
"845","OP653",6,23,10,2006,23,4,0,0.016666667,50,"OP653   6",1,"autumn"
"846","OP653",6,23,10,2006,29,4,0,0.016666667,51,"OP653   6",1,"autumn"
"847","OP653",6,23,10,2006,27,4,0,0.016666667,51,"OP653   6",1,"autumn"
"848","OP653",6,23,10,2006,26,4,0,0.016666667,51,"OP653   6",1,"autumn"
"849","OP653",6,23,10,2006,37,4,1,114.2,26,"OP653   6",0,"autumn"
"853","OP653",6,23,10,2006,37,4,0,7.166666667,28,"OP653   6",0,"autumn"
"854","OP653",6,23,10,2006,38,4,0,7.15,29,"OP653   6",0,"autumn"
"855","OP653",6,23,10,2006,38,4,0,17.81666667,29,"OP653   6",0,"autumn"
"856","OP653",6,23,10,2006,42,4,0,7.133333333,30,"OP653   6",0,"autumn"
"857","OP653",6,23,10,2006,35,4,0,17.8,30,"OP653   6",0,"autumn"
"867","OP032",2,16,7,2005,27,4,0,0,9,"OP032   2",1,"summer"
"874","OP032",3,17,7,2005,31,4,0,1.166666667,19,"OP032   3",0,"summer"
"903","OP560",5,31,10,2005,28,4,0,0.016666667,35,"OP560   5",1,"autumn"
"904","OP560",5,31,10,2005,32,4,0,0.016666667,36,"OP560   5",1,"autumn"
"905","OP560",5,31,10,2005,31,4,0,0.016666667,37,"OP560   5",1,"autumn"
"906","OP560",5,31,10,2005,35,4,0,0.016666667,38,"OP560   5",1,"autumn"
"907","OP560",5,31,10,2005,26,4,0,0.016666667,38,"OP560   5",1,"autumn"
"908","OP560",5,31,10,2005,41,4,0,0.016666667,39,"OP560   5",1,"autumn"
"912","OP560",5,31,10,2005,36,4,1,68.05,54,"OP560   5",1,"autumn"
"914","OP560",5,31,10,2005,27,4,0,0.016666667,55,"OP560   5",1,"autumn"
"915","OP560",5,31,10,2005,20,4,0,0.016666667,56,"OP560   5",1,"autumn"
"919","OP560",6,1,11,2005,21,4,1,48.8,16,"OP560   6",0,"autumn"
"920","OP560",6,1,11,2005,31,4,0,48.55,16,"OP560   6",0,"autumn"
"927","OP560",6,1,11,2005,20,4,0,25.73333333,20,"OP560   6",0,"autumn"
"934","OP560",6,1,11,2005,220,4,0,0.016666667,41,"OP560   6",1,"autumn"
"935","OP560",6,1,11,2005,310,4,0,0.016666667,42,"OP560   6",1,"autumn"
"938","OP560",7,1,11,2005,32,4,0,0.016666667,15,"OP560   7",1,"autumn"
"940","OP560",7,1,11,2005,42,4,0,0.016666667,16,"OP560   7",1,"autumn"
"941","OP560",7,1,11,2005,24,4,0,0.016666667,17,"OP560   7",1,"autumn"
